name,language,stars,issues,size,created_at,updated_at,has_issues,has_wiki,repo_age_days,days_since_update,issue_density,success
yeti,28,1999,48,36627,2015-12-13 16:54:26+00:00,2026-06-26 11:12:29+00:00,True,True,3849,1,0.0013104728622911435,1
devcards-template,6,20,7,48,2014-05-13 14:39:52+00:00,2025-02-06 16:00:36+00:00,True,True,4428,506,0.14285714285714285,0
python-bem,28,20,2,124,2011-12-21 09:05:26+00:00,2017-04-13 06:26:10+00:00,True,True,5302,3362,0.016,0
react-dom-stream,17,1997,11,45,2015-10-20 03:54:08+00:00,2026-06-06 05:51:36+00:00,True,True,3903,21,0.2391304347826087,1
Lyapunov-optimization,28,100,1,5468,2019-06-23 10:52:46+00:00,2026-03-26 07:18:45+00:00,True,True,2561,93,0.00018284878405558602,0
searchable,25,1997,107,118,2014-06-17 05:53:45+00:00,2026-06-25 23:34:43+00:00,True,True,4393,1,0.8991596638655462,1
pacer-neo4j,30,20,4,171,2011-04-08 03:52:07+00:00,2017-08-30 04:39:08+00:00,True,True,5559,3223,0.023255813953488372,0
chrome-extension-mv3-firebase-boilerplate,17,100,3,2975,2022-01-30 16:25:32+00:00,2026-03-03 13:55:13+00:00,True,True,1609,116,0.0010080645161290322,0
OAT,3,100,5,368898,2020-07-15 17:46:29+00:00,2026-05-23 16:24:51+00:00,True,True,2173,35,1.3553845361467502e-05,0
botnet-detection,16,20,2,126,2012-04-28 16:57:54+00:00,2026-02-05 14:01:45+00:00,True,True,5173,142,0.015748031496062992,0
emmett,37,500,32,7457,2023-03-22 08:31:10+00:00,2026-06-26 19:14:32+00:00,True,True,1193,0,0.004290694556181282,1
sanitize-rails,30,20,2,55,2011-03-29 09:31:58+00:00,2021-04-25 05:39:21+00:00,True,True,5569,1889,0.03571428571428571,0
cc-switch,31,109451,1536,57980,2025-08-04 14:16:16+00:00,2026-06-27 17:31:52+00:00,True,True,327,0,0.026491436850002586,1
coreml-cli,35,100,0,46,2026-01-21 03:11:25+00:00,2026-06-15 14:57:53+00:00,True,True,157,12,0.0,0
asymmetricfs,4,20,0,142,2013-01-28 03:03:08+00:00,2024-06-27 00:05:36+00:00,True,True,4898,730,0.0,0
traversability_estimation,4,500,11,496,2015-03-03 14:16:40+00:00,2026-06-24 13:14:42+00:00,True,False,4134,3,0.022132796780684104,1
mp3-downloader,16,20,0,190,2011-12-09 04:29:05+00:00,2025-07-22 07:23:20+00:00,True,True,5314,340,0.0,0
tech-interview-handbook,37,140484,46,33749,2016-07-05 05:00:48+00:00,2026-06-27 17:10:35+00:00,True,True,3644,0,0.001362962962962963,1
otree,31,500,6,602,2024-05-11 10:39:35+00:00,2026-06-26 20:40:34+00:00,True,False,777,0,0.009950248756218905,1
leetcode-javascript,14,100,0,1,2023-04-18 10:48:30+00:00,2026-05-26 11:45:40+00:00,True,True,1166,32,0.0,0
gulp-ftp,17,100,0,30,2013-12-25 14:32:16+00:00,2026-01-22 16:34:39+00:00,False,False,4567,156,0.0,0
comfy-mecha,28,100,3,542,2024-02-28 04:33:21+00:00,2026-06-04 23:37:11+00:00,True,True,850,22,0.0055248618784530384,0
todolist,7,20,0,304,2013-01-06 13:55:35+00:00,2026-05-05 04:11:09+00:00,True,True,4920,53,0.0,0
Microsoft-Activation-Scripts,1,180973,2,12997,2020-01-12 23:03:34+00:00,2026-06-27 17:31:14+00:00,True,False,2357,0,0.00015386982612709647,1
Sylas,16,500,8,2850,2022-01-05 10:16:09+00:00,2026-05-27 13:06:40+00:00,True,True,1634,31,0.0028060329708874078,1
bootstrap,21,174404,308,301198,2011-07-29 21:19:00+00:00,2026-06-27 13:18:59+00:00,True,False,5446,0,0.0010225797562408907,1
Transformer,18,500,2,163950,2021-09-24 03:14:06+00:00,2026-06-26 05:12:41+00:00,True,True,1737,1,1.2198766704686156e-05,1
stash,28,1999,122,2098,2014-11-21 05:46:43+00:00,2026-06-27 01:31:38+00:00,True,True,4236,0,0.05812291567413054,1
switch-lan-play,2,1999,62,3428,2017-12-05 17:52:15+00:00,2026-06-27 14:02:05+00:00,True,True,3126,0,0.018081073199183437,1
system-design-primer,28,355127,559,11277,2017-02-26 16:15:28+00:00,2026-06-27 17:33:23+00:00,True,True,3408,0,0.04956552580244724,1
react-18-ssr,37,100,0,1207,2022-05-15 01:42:22+00:00,2026-03-09 17:25:18+00:00,True,True,1504,110,0.0,0
ZenLdr,2,100,0,138,2023-02-27 10:23:34+00:00,2026-05-23 10:54:14+00:00,True,True,1216,35,0.0,0
portfolio,41,100,0,2942,2022-10-23 15:53:57+00:00,2026-05-12 17:18:11+00:00,True,False,1343,46,0.0,0
CarND-Advanced-Lane-Lines,33,500,1,62952,2016-11-23 23:15:26+00:00,2026-06-17 05:47:48+00:00,True,True,3502,10,1.588486648769717e-05,1
llama.cpp,4,118371,1825,411990,2023-03-10 18:58:00+00:00,2026-06-27 17:30:43+00:00,True,True,1204,0,0.004429708415960543,1
i18next-vue,37,100,0,6522,2022-04-29 09:34:08+00:00,2026-05-19 22:18:38+00:00,True,False,1520,38,0.0,0
DictionaryYT,19,100,3,108,2021-11-10 18:55:04+00:00,2026-05-11 07:38:12+00:00,True,True,1689,47,0.027522935779816515,0
react-router-auto-routes,37,100,0,390,2025-10-02 09:29:43+00:00,2026-06-01 06:36:29+00:00,True,True,268,26,0.0,0
plugNmeet-server,11,500,14,5113,2022-02-25 07:30:32+00:00,2026-06-26 21:17:18+00:00,True,False,1583,0,0.002737583105201408,1
youtube-dl,28,140613,4128,65510,2010-10-31 14:35:07+00:00,2026-06-27 17:31:42+00:00,True,False,5718,0,0.06301231854192425,1
javascript,17,148085,159,3738,2012-11-01 23:13:50+00:00,2026-06-27 16:53:51+00:00,True,True,4985,0,0.0425247392350896,1
clash-verge-rev,37,128258,439,76278,2023-11-21 18:24:03+00:00,2026-06-27 17:26:33+00:00,True,True,948,0,0.005755188190720907,1
jellycc-cli,37,100,4,417,2026-04-19 00:01:55+00:00,2026-06-16 23:21:47+00:00,True,True,69,10,0.009569377990430622,0
Ice_and_Fire,16,500,581,55633,2015-09-16 03:15:07+00:00,2026-06-21 23:40:01+00:00,True,True,3937,5,0.010443254125175253,1
aiocryptopay,28,100,1,130,2022-09-24 06:53:40+00:00,2026-06-17 12:58:46+00:00,True,True,1372,10,0.007633587786259542,0
ohmyzsh,33,188279,566,13627,2009-08-28 18:15:37+00:00,2026-06-27 17:03:07+00:00,True,True,6146,0,0.04153213971235691,1
oegyscroll,17,20,0,403,2010-12-03 13:32:43+00:00,2025-02-06 16:02:01+00:00,True,True,5685,506,0.0,0
letta-chatbot-example,37,100,0,862,2025-01-09 19:03:58+00:00,2026-06-12 12:56:40+00:00,True,True,533,15,0.0,0
flask-github,28,20,1,124,2011-12-11 21:25:30+00:00,2025-02-06 16:02:01+00:00,True,True,5311,506,0.008,0
rcrunchbase,29,20,3,85,2014-06-06 21:51:04+00:00,2023-11-05 04:49:38+00:00,True,True,4403,965,0.03488372093023256,0
code996,37,1997,0,4119,2025-11-05 11:00:30+00:00,2026-06-26 12:29:20+00:00,True,False,234,1,0.0,1
jetzt,17,500,60,506,2014-03-05 18:24:18+00:00,2026-06-04 15:48:48+00:00,True,True,4496,23,0.11834319526627218,1
Equinox,35,2000,17,64018,2021-10-24 02:16:18+00:00,2026-06-27 11:54:48+00:00,True,True,1707,0,0.0002655461659819741,1
tipsy,17,1996,119,708,2008-06-08 18:48:00+00:00,2026-06-16 18:28:58+00:00,True,True,6592,10,0.16784203102961917,1
Chevron,17,20,0,1110,2014-02-15 09:23:32+00:00,2025-02-06 16:00:38+00:00,True,True,4515,506,0.0,0
PersistentSearch,16,1998,28,2134,2015-03-05 20:27:33+00:00,2026-06-12 16:10:16+00:00,False,True,4131,15,0.013114754098360656,1
JAGSExamples,29,100,0,6132,2012-02-10 00:38:04+00:00,2026-05-25 12:22:05+00:00,True,True,5251,33,0.0,0
DLNA-PLAYER,13,100,15,313,2015-02-13 00:22:07+00:00,2026-03-13 12:07:07+00:00,True,True,4152,106,0.04777070063694268,0
stack,37,500,12,164,2026-04-03 16:33:25+00:00,2026-06-26 10:51:12+00:00,True,False,85,1,0.07272727272727272,1
TokenCompleteTextView,16,20,3,290,2014-06-12 15:13:48+00:00,2020-02-24 04:13:27+00:00,False,True,4398,2315,0.010309278350515464,0
marl,4,1999,13,1549,2019-09-03 17:58:20+00:00,2026-06-17 23:19:32+00:00,True,True,2489,9,0.008387096774193548,1
TypeScript,37,109412,5051,2960523,2014-06-17 15:28:39+00:00,2026-06-27 16:51:12+00:00,True,True,4393,0,0.0017061168901181007,1
atlas_exporter,11,100,10,5413,2017-05-16 12:25:12+00:00,2026-06-01 09:10:31+00:00,True,False,3329,26,0.001847063169560399,0
fastnode2vec,28,100,2,42,2020-04-20 20:03:55+00:00,2026-02-23 19:49:20+00:00,True,True,2258,123,0.046511627906976744,0
openclaw,37,380728,6715,1614594,2025-11-24 10:16:47+00:00,2026-06-27 17:34:11+00:00,True,False,215,0,0.00415893769025669,1
JavaDesignPatterns,16,20,0,192,2010-11-24 20:11:59+00:00,2025-02-06 16:02:01+00:00,True,True,5693,506,0.0,0
skills,28,155823,987,3985,2025-09-22 15:53:31+00:00,2026-06-27 17:33:26+00:00,True,False,278,0,0.24761665830406424,1
fsharp-refactor,10,20,1,11544,2013-03-04 19:37:20+00:00,2019-10-22 05:33:59+00:00,True,True,4862,2440,8.661758336942399e-05,0
meetingmind,37,500,3,36591,2024-10-06 17:23:23+00:00,2026-06-26 10:45:58+00:00,True,True,629,1,8.198513336248361e-05,1
CashCoach,28,100,0,27728,2024-10-15 08:00:01+00:00,2026-06-21 07:00:57+00:00,True,True,620,6,0.0,0
LiveTool,17,20,0,2710,2011-03-05 16:08:35+00:00,2025-02-06 16:02:01+00:00,True,True,5593,506,0.0,0
PythonHacks,28,500,12,73174,2021-04-29 05:57:31+00:00,2026-06-13 01:21:03+00:00,True,True,1885,14,0.00016399043389135634,1
Book,17,500,12,6269,2017-03-09 00:11:33+00:00,2026-06-20 22:28:09+00:00,True,False,3397,6,0.0019138755980861245,1
fp-go,11,1996,6,18994,2023-07-05 14:18:19+00:00,2026-06-27 06:15:18+00:00,True,True,1088,0,0.000315872598052119,1
learn-wgpu-zh,31,500,4,688728,2022-09-04 12:36:34+00:00,2026-06-26 09:13:12+00:00,True,True,1392,1,5.807799584451939e-06,1
amm-arbitrageur,34,1999,24,371,2021-04-08 09:48:22+00:00,2026-06-08 17:49:22+00:00,True,True,1906,19,0.06451612903225806,1
es-google-drive-river,16,20,0,344,2013-05-04 19:44:57+00:00,2025-02-06 16:02:02+00:00,True,True,4801,506,0.0,0
python-dbase,28,20,2,3356,2013-04-01 22:24:39+00:00,2025-05-16 19:06:00+00:00,True,True,4834,406,0.0005957700327673518,0
truffle-plugin-verify,37,500,0,832,2019-03-20 10:36:28+00:00,2026-06-05 17:08:57+00:00,True,False,2656,22,0.0,1
nodejs-step-by-step-code,17,20,1,179,2012-04-08 19:01:57+00:00,2025-02-06 16:02:01+00:00,True,True,5192,506,0.005555555555555556,0
d3_js_intro,17,20,2,84,2012-02-02 19:13:09+00:00,2025-02-06 16:00:38+00:00,True,True,5258,506,0.023529411764705882,0
macOS-enterprise-privileges,24,1998,0,117557,2018-06-27 19:43:51+00:00,2026-06-27 06:17:56+00:00,True,True,2921,0,0.0,1
smali2java,3,20,4,574,2014-01-02 15:20:07+00:00,2025-11-23 05:25:14+00:00,True,True,4559,216,0.006956521739130435,0
af65k,14,20,0,1279,2012-02-25 15:31:47+00:00,2026-02-15 22:34:19+00:00,True,True,5236,131,0.0,0
diy,28,20,0,11,2013-11-30 23:10:52+00:00,2024-11-15 15:11:31+00:00,True,True,4591,589,0.0,0
vipe,28,1997,15,13395,2025-08-11 00:19:56+00:00,2026-06-26 18:38:03+00:00,True,False,320,0,0.001119737234995521,1
linux,2,237692,3,6206258,2011-09-04 22:48:12+00:00,2026-06-27 17:30:05+00:00,False,False,5409,0,4.833829848222577e-07,1
blogChat,14,500,10,526,2016-07-22 03:16:41+00:00,2026-05-14 12:11:38+00:00,True,True,3627,44,0.018975332068311195,1
AutoGPT,28,185180,449,623557,2023-03-16 09:21:07+00:00,2026-06-27 16:30:03+00:00,True,True,1199,0,0.0007200613254901709,1
admin-color-schemes,32,20,1,2343,2013-09-13 00:45:42+00:00,2024-02-28 22:21:06+00:00,True,True,4670,849,0.0004266211604095563,0
freeCodeCamp,37,450629,195,576823,2014-12-24 17:49:19+00:00,2026-06-27 17:16:00+00:00,True,False,4203,0,0.00033805805583678904,1
AutoZerologon,28,100,0,951,2023-07-13 08:20:28+00:00,2026-06-08 17:11:48+00:00,True,False,1080,19,0.0,0
bamTobw,33,20,0,6,2014-05-27 07:38:07+00:00,2024-10-02 02:59:39+00:00,True,True,4414,633,0.0,0
rust,31,114222,12537,928491,2010-06-16 20:39:03+00:00,2026-06-27 17:03:49+00:00,True,False,5854,0,0.01350253960184902,1
go-crypto,11,20,0,173,2015-10-31 14:05:45+00:00,2025-01-24 00:26:56+00:00,True,True,3892,519,0.0,0
node,17,117995,2424,1503257,2014-11-26 19:57:11+00:00,2026-06-27 17:31:20+00:00,True,False,4230,0,0.0016124976550931378,1
Deep-Learning-Mahjong---,17,100,0,487,2019-06-29 17:35:01+00:00,2026-06-06 23:20:24+00:00,True,True,2555,20,0.0,0
understanding-virtual-memory,2,100,0,1,2023-04-01 12:33:24+00:00,2026-04-29 08:38:50+00:00,True,True,1183,59,0.0,0
PrototypeCard,14,20,2,40,2013-12-02 22:15:01+00:00,2024-10-23 14:04:36+00:00,True,True,4589,612,0.04878048780487805,0
leanstartup,17,20,1,525,2013-02-27 03:39:17+00:00,2025-02-06 16:02:02+00:00,True,True,4868,506,0.0019011406844106464,0
hydrogen,37,1998,68,81717,2022-09-19 19:28:49+00:00,2026-06-27 13:46:25+00:00,True,True,1376,0,0.000832130008076556,1
IronyModManager,3,500,37,30776,2020-01-10 01:31:54+00:00,2026-06-22 08:45:25+00:00,True,True,2360,5,0.0012021964453975372,1
turtlebot3,4,2000,12,123846,2016-06-21 07:14:22+00:00,2026-06-27 02:27:38+00:00,True,False,3658,0,9.689374793091476e-05,1
swift-bundler,35,500,63,2387,2021-09-23 02:46:41+00:00,2026-06-23 23:30:25+00:00,True,True,1738,3,0.026381909547738693,1
CMDActivityViewController,30,20,1,144,2014-04-02 20:34:37+00:00,2023-08-16 04:03:00+00:00,True,True,4468,1046,0.006896551724137931,0
yt-react-weather-app,17,100,5,304,2022-05-31 18:30:30+00:00,2026-06-25 19:50:41+00:00,True,True,1487,1,0.01639344262295082,0
free-programming-books,28,390873,81,21491,2013-10-11 06:50:37+00:00,2026-06-27 17:18:10+00:00,True,False,4642,0,0.0037688442211055275,1
badgemagic-app,8,1997,84,368255,2014-10-30 15:21:39+00:00,2026-06-27 02:37:30+00:00,True,False,4258,0,0.0002281021897810219,1
firecrawl,37,139938,365,94157,2024-04-15 21:02:29+00:00,2026-06-27 17:32:25+00:00,True,False,802,0,0.0038764629665031117,1
instagram-cli,37,1997,43,24012,2025-02-01 02:40:41+00:00,2026-06-27 16:00:17+00:00,True,True,511,0,0.0017906967059509431,1
generative-ai-for-beginners,18,112347,10,6596649,2023-06-19 16:28:59+00:00,2026-06-27 17:08:47+00:00,True,False,1104,0,1.5159209598811517e-06,1
HelloWorld,16,1999,22,1295,2024-10-29 09:25:30+00:00,2026-06-27 10:37:48+00:00,True,False,606,0,0.016975308641975308,1
AdminCrudBundle,14,20,10,4075,2014-04-27 15:43:55+00:00,2024-05-08 10:40:45+00:00,True,True,4444,780,0.0024533856722276743,0
pipboy3000,17,20,0,17345,2014-04-19 20:27:41+00:00,2024-06-04 22:38:23+00:00,True,True,4451,752,0.0,0
ffsim,28,100,48,15746,2023-08-21 19:09:55+00:00,2026-06-21 14:51:01+00:00,True,False,1040,6,0.0030481996570775388,0
ChestCommands,16,100,0,1308,2014-10-30 12:59:58+00:00,2026-05-14 15:04:46+00:00,True,True,4258,44,0.0,0
FaceX-Zoo,28,1996,130,168014,2021-01-13 06:38:01+00:00,2026-06-25 11:11:24+00:00,True,True,1991,2,0.0007737404398416808,1
SourceryTemplates,14,100,1,12148,2017-05-14 10:45:31+00:00,2026-04-26 14:00:48+00:00,True,True,3331,62,8.231130134167421e-05,0
clickhouse-connect,28,500,29,2990,2022-02-24 20:15:16+00:00,2026-06-26 18:38:56+00:00,True,True,1583,0,0.009695753928452023,1
paramak,28,100,67,214327,2021-05-12 17:36:58+00:00,2026-06-25 20:01:33+00:00,True,True,1872,1,0.0003126049792840879,0
knowledge-distillation-pytorch,28,1997,19,23147,2018-03-09 23:58:31+00:00,2026-06-26 11:50:38+00:00,True,True,3031,1,0.0008208052531536202,1
crontab,9,100,2,476,2016-12-21 23:43:07+00:00,2026-06-23 15:01:12+00:00,True,False,3474,4,0.0041928721174004195,0
AddScore2,24,20,0,370,2014-03-05 07:46:15+00:00,2018-09-14 07:48:06+00:00,True,True,4497,2843,0.0,0
wordpair_generator,4,100,1,302,2019-12-11 18:13:58+00:00,2025-10-15 10:55:12+00:00,True,True,2389,255,0.0033003300330033004,0
ComfyUI,28,118517,4164,91287,2023-01-17 03:15:56+00:00,2026-06-27 17:25:48+00:00,True,True,1257,0,0.045613881342564194,1
faulthandler,2,100,0,342,2010-12-23 23:59:12+00:00,2026-04-07 13:44:44+00:00,True,True,5664,81,0.0,0
rime-cloverpinyin,28,1995,122,56,2020-06-08 15:41:02+00:00,2026-06-26 06:46:23+00:00,True,True,2210,1,2.1403508771929824,1
superpowers,33,239945,286,3557,2025-10-09 19:45:18+00:00,2026-06-27 17:33:51+00:00,True,True,260,0,0.08038223721191681,1
kaldi-gstreamer-android-client,16,20,1,1385,2014-04-02 11:43:38+00:00,2025-02-06 16:00:36+00:00,True,True,4469,506,0.0007215007215007215,0
couchbase-lite-java-native,4,20,6,124944,2014-03-14 21:48:22+00:00,2023-07-27 19:39:00+00:00,False,False,4487,1065,4.802112929689063e-05,0
Deep_Hierarchical_Classification,28,100,3,1259,2021-02-09 16:03:36+00:00,2026-03-29 11:37:18+00:00,True,True,1964,90,0.002380952380952381,0
GDict,24,20,10,865,2011-03-11 03:16:53+00:00,2023-03-21 08:04:32+00:00,True,True,5587,1194,0.011547344110854504,0
django-sitecats,28,20,0,181,2014-02-24 13:03:24+00:00,2025-02-06 16:00:36+00:00,True,False,4506,506,0.0,0
dataconverters,28,100,26,947,2012-08-05 14:28:15+00:00,2026-05-15 02:15:56+00:00,True,False,5074,43,0.027426160337552744,0
dbautobackup,25,20,5,15,2011-01-14 07:14:06+00:00,2024-12-25 13:32:46+00:00,True,True,5643,549,0.3125,0
write-ups-2015,5,1997,59,520063,2015-01-10 14:11:57+00:00,2026-06-24 19:46:26+00:00,True,False,4186,2,0.00011344757568299287,1
Compact-3DGS,28,500,13,44,2023-11-22 20:22:54+00:00,2026-06-14 15:57:16+00:00,True,True,947,13,0.28888888888888886,1
Raspberry-Pi-Status,14,100,7,4968,2013-11-29 14:24:20+00:00,2026-03-30 09:30:33+00:00,True,True,4593,89,0.001408734151740793,0
goconfig,11,100,2,34,2009-11-25 16:42:12+00:00,2026-04-18 11:24:58+00:00,True,True,6058,70,0.05714285714285714,0
alum,11,20,8,680,2014-05-14 23:04:21+00:00,2025-11-06 11:41:05+00:00,True,True,4426,233,0.011747430249632892,0
cf,30,20,19,5228,2013-03-14 23:51:30+00:00,2025-02-06 16:02:01+00:00,True,True,4852,506,0.003633581946834959,0
genai-devday-notebooks,18,100,0,3264,2025-01-17 17:43:08+00:00,2026-06-11 12:41:10+00:00,True,True,526,16,0.0,0
google2fa,25,1998,6,595,2014-09-21 16:24:13+00:00,2026-06-27 11:51:48+00:00,True,True,4297,0,0.010067114093959731,1
compleat,15,500,12,66,2009-10-17 04:54:52+00:00,2026-06-17 23:28:58+00:00,True,True,6097,9,0.1791044776119403,1
ImgGenSD2,35,501,8,6330,2022-12-05 02:04:53+00:00,2026-06-18 11:22:47+00:00,True,True,1300,9,0.001263623440214816,1
yt-dlp,28,173704,2543,61236,2020-10-26 04:22:55+00:00,2026-06-27 17:30:57+00:00,True,True,2070,0,0.04152718127929193,1
Unit-And-Integration-Testing,11,100,0,80,2019-11-26 21:26:21+00:00,2026-06-11 09:44:45+00:00,True,True,2404,16,0.0,0
yaff,4,500,1,153,2026-04-07 14:15:36+00:00,2026-06-27 10:15:18+00:00,True,True,81,0,0.006493506493506494,1
YunqueAgent,28,100,1,27416,2026-01-13 14:16:48+00:00,2026-05-20 10:44:58+00:00,True,True,165,38,3.6473720684247e-05,0
mmkv_flutter,8,100,3,72,2018-09-28 14:44:59+00:00,2025-11-16 19:21:35+00:00,True,True,2829,222,0.0410958904109589,0
ngx-editor,37,500,50,18045,2017-09-22 12:22:09+00:00,2026-05-26 03:54:16+00:00,True,False,3200,32,0.00277069710739222,1
decoSLAM,4,100,2,38119,2023-02-27 09:33:47+00:00,2026-04-18 01:12:55+00:00,True,True,1216,70,5.246589716684155e-05,0
base64-xor,17,20,2,132,2014-02-15 20:07:23+00:00,2025-02-06 16:00:38+00:00,True,True,4514,506,0.015037593984962405,0
awesome-llm-apps,28,115809,5,209258,2024-04-29 05:30:25+00:00,2026-06-27 17:25:22+00:00,True,True,789,0,2.389383491271582e-05,1
WaterfallCollectionView,24,20,0,492,2014-03-29 07:43:25+00:00,2019-11-15 08:13:01+00:00,True,True,4473,2416,0.0,0
php-zip,25,500,32,3155,2016-09-08 16:20:48+00:00,2026-06-22 19:54:24+00:00,True,True,3579,4,0.010139416983523447,1
druid-benchmark,29,20,1,236,2014-03-14 18:13:45+00:00,2024-09-01 20:36:19+00:00,True,True,4487,663,0.004219409282700422,0
resty,25,20,0,810,2010-12-04 01:30:52+00:00,2025-02-06 16:02:02+00:00,True,True,5684,506,0.0,0
Filters_for_EaselJS,17,20,2,369,2013-12-24 06:56:24+00:00,2025-02-06 16:02:01+00:00,True,True,4568,506,0.005405405405405406,0
MvcJqGrid,3,100,8,43966,2010-06-07 21:08:19+00:00,2026-06-08 23:46:50+00:00,True,False,5863,18,0.00018195464780403485,0
mysql-udf-base64,2,20,2,124,2013-05-11 02:02:28+00:00,2022-09-28 06:43:15+00:00,True,False,4795,1368,0.016,0
SWAGGER,28,100,1,412,2025-04-09 21:32:44+00:00,2026-06-25 22:52:58+00:00,True,False,443,1,0.002421307506053269,0
spring-integration-aws,16,20,3,388,2013-04-03 07:26:32+00:00,2025-02-06 16:02:03+00:00,True,True,4833,506,0.007712082262210797,0
gpu-fluid,4,500,1,316,2013-07-21 09:18:18+00:00,2026-05-15 12:50:13+00:00,True,True,4724,43,0.0031545741324921135,1
rqrcode,30,1998,0,595,2008-04-03 09:31:15+00:00,2026-06-19 13:40:33+00:00,True,False,6659,8,0.0,1
Kryptor,3,500,0,7834,2020-08-03 09:00:54+00:00,2026-06-17 17:55:19+00:00,True,False,2154,10,0.0,1
nfc2klipper,28,100,11,226,2024-03-04 17:47:31+00:00,2026-06-22 09:16:03+00:00,True,False,845,5,0.048458149779735685,0
tilemapgen,28,100,0,9322,2023-06-27 17:29:16+00:00,2026-06-21 16:05:44+00:00,True,True,1096,6,0.0,0
claw-code,31,194370,20,25104,2026-03-31 08:58:08+00:00,2026-06-27 17:13:41+00:00,True,False,88,0,0.0007966540529774945,1
vptree,11,20,0,16,2014-02-13 15:51:40+00:00,2024-07-06 08:27:16+00:00,True,True,4517,721,0.0,0
frp,11,107606,43,32213,2015-12-21 15:24:59+00:00,2026-06-27 16:50:14+00:00,True,False,3841,0,0.0013348233687216738,1
CPM-Live,28,500,7,1168,2022-05-21 12:24:40+00:00,2026-05-23 10:51:43+00:00,True,True,1498,35,0.005988023952095809,1
build-your-own-x,23,520206,515,1100,2018-05-09 12:03:18+00:00,2026-06-27 17:28:47+00:00,True,False,2971,0,0.4677565849227975,1
80211scrambler,38,20,0,400,2011-12-18 16:19:59+00:00,2025-12-05 19:17:03+00:00,True,True,5305,203,0.0,0
PicQuery,19,500,1,51559,2023-08-10 12:14:10+00:00,2026-06-26 10:48:36+00:00,True,False,1052,1,1.9394879751745538e-05,1
wtf,28,100,9,73,2014-08-30 17:25:49+00:00,2026-04-30 07:26:14+00:00,True,True,4319,58,0.12162162162162163,0
Soundux,4,1998,119,9229,2019-09-14 23:43:14+00:00,2026-06-25 08:59:50+00:00,True,True,2477,2,0.012892741061755147,1
fork-ts-checker-webpack-plugin,37,2000,53,13678,2017-04-25 12:26:02+00:00,2026-06-21 03:54:51+00:00,True,False,3350,6,0.003874552233350391,1
nfqws-keenetic,22,1998,14,1295,2024-08-09 12:22:14+00:00,2026-06-26 17:15:40+00:00,True,False,687,1,0.010802469135802469,1
fabric-provision,30,20,3,135,2011-10-26 17:09:40+00:00,2019-08-13 14:51:52+00:00,True,True,5358,2510,0.022058823529411766,0
dockerfiles,27,20,0,45,2013-12-25 14:44:09+00:00,2025-02-06 16:02:01+00:00,True,True,4567,506,0.0,0
Glimmer,35,100,0,8758,2026-04-11 07:37:55+00:00,2026-06-07 17:56:02+00:00,True,True,77,20,0.0,0
trigonoparty,17,500,6,33,2018-10-01 11:13:51+00:00,2026-04-24 21:32:27+00:00,True,True,2826,63,0.17647058823529413,1
alpaca_eval,18,2000,31,315007,2023-05-25 09:35:28+00:00,2026-06-26 23:50:17+00:00,True,True,1129,0,9.841019910605445e-05,1
sprockets-urlrewriter,30,20,2,191,2011-10-19 16:48:20+00:00,2025-02-06 16:02:01+00:00,True,False,5365,506,0.010416666666666666,0
EventSourceProxy,3,100,0,1366,2013-03-01 21:15:01+00:00,2026-02-13 18:34:37+00:00,True,True,4865,133,0.0,0
vpnbot,25,500,7,140053,2022-10-04 14:37:21+00:00,2026-06-25 05:42:29+00:00,True,True,1362,2,4.998072172162166e-05,1
ojAlgo,16,500,0,79938,2013-10-06 17:20:10+00:00,2026-06-26 05:58:20+00:00,True,True,4647,1,0.0,1
HPhi,33,100,38,411103,2015-09-11 02:40:51+00:00,2026-06-25 08:08:11+00:00,True,True,3942,2,9.243403129135207e-05,0
cs16.css,5,1998,1,123,2025-01-22 14:36:59+00:00,2026-06-24 03:52:49+00:00,True,False,521,3,0.008064516129032258,1
n8n,37,194255,1481,502152,2019-06-22 09:24:21+00:00,2026-06-27 17:33:37+00:00,True,False,2562,0,0.002949300312852856,1
atata,3,500,10,14588,2016-01-13 12:54:04+00:00,2026-06-23 14:48:05+00:00,True,False,3818,4,0.0006854479402289396,1
jsx,14,1998,55,129,2014-08-28 19:55:06+00:00,2026-06-26 07:10:47+00:00,True,False,4320,1,0.4230769230769231,1
a2_printer,30,20,1,129,2012-04-06 18:08:00+00:00,2023-07-06 02:16:13+00:00,True,True,5194,1087,0.007692307692307693,0
DB-GPT-Hub,28,1995,73,64065,2023-06-02 03:58:07+00:00,2026-06-24 09:47:06+00:00,True,True,1121,3,0.0011394499422470578,1
typora-purple-theme,5,500,5,18448,2020-07-29 06:20:46+00:00,2026-06-23 04:09:20+00:00,True,True,2159,4,0.00027101739931703617,1
websql,17,20,0,91,2012-03-23 07:15:22+00:00,2025-02-06 16:02:01+00:00,True,True,5209,506,0.0,0
Tilt,17,500,7,52225,2011-05-25 18:00:15+00:00,2026-05-18 01:30:31+00:00,True,True,5511,40,0.00013403285719756444,1
FlowerManagmentSystem-Qt,4,100,0,9379,2021-07-11 00:54:55+00:00,2026-06-06 11:03:17+00:00,True,True,1812,21,0.0,0
ZITS-PlusPlus,28,100,12,7948,2023-05-22 06:23:17+00:00,2026-05-31 13:59:47+00:00,True,False,1132,27,0.0015096238520568624,0
PYPhotoBrowser,24,1998,155,13710,2016-06-02 11:16:57+00:00,2026-06-17 02:01:41+00:00,True,False,3677,10,0.011304791773028955,1
powershell-yaml,26,500,5,2474,2016-01-10 20:17:24+00:00,2026-06-25 07:11:32+00:00,True,True,3820,2,0.00202020202020202,1
three.js,17,113359,405,1610687,2010-03-23 18:58:01+00:00,2026-06-27 17:34:38+00:00,True,True,5939,0,0.00025144534509476693,1
R-for-finance,29,100,0,13021,2014-08-03 03:45:38+00:00,2026-04-14 05:27:31+00:00,True,True,4346,74,0.0,0
SpringBoot-Learning,16,500,0,605,2018-11-08 10:09:13+00:00,2026-04-02 08:38:03+00:00,True,True,2788,86,0.0,1
FastStub-Xcode,24,500,11,620,2016-05-24 03:42:18+00:00,2025-05-15 21:47:48+00:00,True,True,3686,407,0.017713365539452495,1
30-seconds-of-code,17,128223,0,742556,2017-11-29 17:35:03+00:00,2026-06-27 16:46:03+00:00,True,False,3132,0,0.0,1
hs-logo,15,20,15,6106,2012-01-22 07:26:39+00:00,2025-02-06 16:02:01+00:00,True,True,5270,506,0.0024561978057966267,0
ClipLink,37,100,4,22432,2025-05-13 15:19:23+00:00,2026-04-26 15:24:12+00:00,True,True,410,62,0.00017830874158605625,0
awesome-python,28,305076,21,5704,2014-06-27 21:00:06+00:00,2026-06-27 17:22:08+00:00,False,False,4382,0,0.0036809815950920245,1
rprof,2,100,0,5045,2020-03-02 07:36:29+00:00,2026-05-31 15:10:48+00:00,True,True,2308,27,0.0,0
autocluster,17,100,1,13726,2015-02-03 17:05:12+00:00,2026-06-03 21:04:09+00:00,True,True,4162,23,7.284912945290303e-05,0
dynamodb-toolbox,37,2000,39,32290,2019-11-24 23:16:45+00:00,2026-06-26 05:47:57+00:00,True,True,2406,1,0.0012077668700257037,1
nginx-http-auth-digest,2,100,9,112,2011-11-04 23:19:42+00:00,2026-02-18 23:56:01+00:00,True,True,5348,128,0.07964601769911504,0
vue-axios,17,2000,11,3358,2016-10-25 07:39:39+00:00,2026-06-17 23:30:01+00:00,True,True,3532,9,0.003274784161952962,1
helm-charts,12,1999,907,42676,2020-08-20 14:55:44+00:00,2026-06-24 08:00:00+00:00,True,False,2137,3,0.02125266537010568,1
core-scroll-header-panel,14,20,22,1813,2014-05-19 21:38:33+00:00,2025-02-06 16:00:36+00:00,True,True,4421,506,0.012127894156560088,0
aws-toolkit-vscode,37,1996,964,173834,2018-07-20 20:09:29+00:00,2026-06-26 20:02:58+00:00,True,False,2898,0,0.005545488537981419,1
card.io-Android-SDK,16,1996,67,131111,2013-06-11 17:27:45+00:00,2026-05-14 12:17:37+00:00,True,True,4764,44,0.0005110134846543413,1
MAS-Memory-Aware-Synapses,18,100,7,2932,2018-04-13 17:22:41+00:00,2026-04-02 13:06:04+00:00,True,True,2997,86,0.002386634844868735,0
natural_voice_assistant,28,500,7,628,2024-02-06 08:12:54+00:00,2026-06-25 11:28:15+00:00,True,False,872,2,0.011128775834658187,1
magicblue,28,100,23,113,2015-11-23 20:56:28+00:00,2026-04-02 11:50:21+00:00,True,True,3868,86,0.20175438596491227,0
vscode,37,186830,18812,1304247,2015-09-03 20:23:38+00:00,2026-06-27 17:21:21+00:00,True,True,3949,0,0.014423637222368751,1
conceal-core,4,100,1,17269,2018-04-29 23:42:44+00:00,2026-05-20 15:46:58+00:00,True,True,2980,38,5.7903879559930515e-05,0
vocal-separate,28,1996,12,141377,2023-12-26 06:20:35+00:00,2026-06-27 12:37:07+00:00,True,False,914,0,8.487883546237746e-05,1
Faker.py,28,20,0,200,2013-03-16 11:54:47+00:00,2020-08-18 23:31:59+00:00,True,True,4851,2138,0.0,0
oliva,16,100,0,21,2023-12-09 12:41:34+00:00,2026-05-11 08:22:52+00:00,True,True,931,47,0.0,0
hi,30,20,0,455,2013-12-27 19:10:24+00:00,2026-04-07 13:52:23+00:00,True,True,4564,81,0.0,0
Atrium-Time-Tracker-Reports,25,20,1,293,2010-12-03 19:09:27+00:00,2025-05-01 13:37:44+00:00,True,True,5684,422,0.003401360544217687,0
nutanix.ansible,28,100,89,12556,2021-10-07 18:32:41+00:00,2026-06-21 13:33:11+00:00,True,True,1723,6,0.007087680178386557,0
Credit-Risk-Modeling-in-Python,18,100,0,18,2020-03-31 07:06:06+00:00,2026-05-05 13:11:20+00:00,True,True,2279,53,0.0,0
PHPChristmasMiracle,25,20,0,212,2011-12-03 06:34:07+00:00,2023-05-10 14:13:17+00:00,True,True,5320,1144,0.0,0
d3,33,113136,20,59348,2010-09-27 17:22:42+00:00,2026-06-27 17:14:16+00:00,True,False,5752,0,0.0003369896712665757,1
Soltsice,37,100,6,839,2017-08-29 18:34:34+00:00,2026-03-28 13:57:31+00:00,True,True,3223,91,0.007142857142857143,0
enkiTS,4,2000,7,671,2015-02-20 17:05:59+00:00,2026-06-26 17:41:07+00:00,True,True,4145,1,0.010416666666666666,1
FancyShowCaseView,19,2000,8,4631,2017-03-08 12:37:15+00:00,2026-06-21 23:02:07+00:00,True,True,3398,5,0.0017271157167530224,1
gaige,28,100,0,4888,2018-11-26 14:28:22+00:00,2025-11-11 20:55:11+00:00,True,True,2770,227,0.0,0
openp2p,11,2000,51,4765,2021-11-24 09:26:45+00:00,2026-06-25 15:11:23+00:00,True,True,1676,2,0.010700797314309694,1
CircuitOps,28,100,3,1473316,2023-03-21 20:05:05+00:00,2026-06-09 09:55:46+00:00,True,False,1193,18,2.0362216685207596e-06,0
gorest,11,500,1,1711,2019-03-14 19:50:31+00:00,2026-06-25 05:33:17+00:00,True,True,2661,2,0.0005841121495327102,1
jcore,25,20,0,12749,2011-01-16 13:21:34+00:00,2025-02-06 16:02:01+00:00,True,True,5641,506,0.0,0
hello-algo,16,127974,39,464747,2022-11-04 11:08:34+00:00,2026-06-27 16:32:46+00:00,True,False,1331,0,8.391644504118361e-05,1
depth_webfrontend,17,20,41,2730,2013-05-16 20:40:27+00:00,2026-02-15 11:34:58+00:00,True,False,4789,132,0.015012815818381545,0
talk-desktop,17,500,183,66209,2022-11-03 14:37:08+00:00,2026-06-27 02:01:19+00:00,True,False,1332,0,0.0027639329406434075,1
UnrealEngine-ObjectPool,4,100,0,2906,2022-07-16 23:05:49+00:00,2026-06-19 12:58:59+00:00,True,True,1441,8,0.0,0
java-proto-generator,16,20,3,8,2012-02-11 15:54:16+00:00,2025-12-01 11:24:15+00:00,True,True,5250,208,0.3333333333333333,0
duplicate-files,28,100,4,246,2012-01-01 22:31:46+00:00,2026-05-09 18:28:21+00:00,True,True,5290,48,0.016194331983805668,0
PowerToys,2,135643,7291,508966,2019-05-01 17:44:02+00:00,2026-06-27 17:33:29+00:00,True,True,2614,0,0.014325093768358263,1
papers-we-love,33,107369,2,230845,2013-12-15 14:31:41+00:00,2026-06-27 17:29:02+00:00,True,False,4577,0,8.66378451435156e-06,1
c5scan,28,20,2,21,2014-05-28 08:38:16+00:00,2024-12-31 13:46:55+00:00,True,True,4413,543,0.09090909090909091,0
vimrc,40,20,0,4,2014-04-30 09:38:06+00:00,2025-02-06 16:00:36+00:00,True,True,4441,506,0.0,0
opencode,37,179577,7023,294616,2025-04-30 20:08:00+00:00,2026-06-27 17:34:55+00:00,True,False,422,0,0.023837728304883968,1
jscat,28,100,0,86,2020-01-08 13:23:04+00:00,2026-05-13 01:10:54+00:00,True,True,2362,45,0.0,0
coupons,41,1997,45,2525,2020-10-30 02:22:58+00:00,2026-06-24 14:31:11+00:00,True,True,2066,3,0.017814726840855107,1
SteamCleaner,3,1997,31,872,2016-01-07 05:06:32+00:00,2026-06-23 19:40:24+00:00,True,True,3824,3,0.035509736540664374,1
AWD,28,100,3,158361,2024-09-14 22:04:16+00:00,2026-06-02 08:41:23+00:00,True,True,650,25,1.894393857112186e-05,0
helix,31,1998,41,1449,2015-11-06 07:06:36+00:00,2026-06-18 13:52:16+00:00,True,True,3886,9,0.028275862068965516,1
HelloGitHub,28,162915,465,8987,2016-05-04 06:24:11+00:00,2026-06-27 17:06:43+00:00,True,False,3706,0,0.051735647530040056,1
JSLog,17,20,0,7,2011-11-12 13:22:56+00:00,2025-05-28 06:56:17+00:00,True,True,5341,395,0.0,0
PyInquirer,28,1996,110,275,2018-06-14 01:48:43+00:00,2026-06-23 05:00:16+00:00,True,True,2935,4,0.39855072463768115,1
axios,17,109098,107,27462,2014-08-18 22:30:27+00:00,2026-06-27 17:03:49+00:00,True,False,4330,0,0.003896151185231038,1
iptv,37,128831,64,1271878,2018-11-14 22:00:57+00:00,2026-06-27 17:33:39+00:00,True,False,2781,0,5.0319252067217085e-05,1
pinterest-pinata,28,20,0,301,2014-05-28 09:16:42+00:00,2026-03-07 05:05:21+00:00,True,True,4413,112,0.0,0
startrek1971,28,20,2,140,2014-04-16 06:15:13+00:00,2025-12-16 01:45:15+00:00,True,True,4455,193,0.014184397163120567,0
prind,28,500,1,683,2021-10-16 19:45:04+00:00,2026-06-26 23:55:24+00:00,True,False,1714,0,0.0014619883040935672,1
funModeling,14,100,4,9411,2016-02-08 20:24:33+00:00,2026-02-17 23:59:03+00:00,True,True,3791,129,0.00042498937526561835,0
bash_scripts,33,20,2,102,2011-10-04 22:59:24+00:00,2024-03-15 09:16:07+00:00,True,False,5379,834,0.019417475728155338,0
my-cisco-virl-lab,33,20,0,319,2014-06-24 23:57:50+00:00,2025-02-06 16:00:38+00:00,True,True,4385,506,0.0,0
42_CheatSheet,2,1996,2,2446,2019-08-18 08:52:46+00:00,2026-06-24 06:53:31+00:00,True,True,2505,3,0.0008173273395995096,1
stable-diffusion-webui,28,163900,2493,36552,2022-08-22 14:05:26+00:00,2026-06-27 17:01:17+00:00,True,True,1405,0,0.06820233633354307,1
MatchZoo-py,28,500,30,612,2019-06-17 14:15:36+00:00,2026-04-26 02:20:54+00:00,True,True,2567,62,0.048939641109298535,1
ie.xhr,17,20,2,119,2011-12-07 02:41:14+00:00,2025-02-06 16:02:01+00:00,True,True,5316,506,0.016666666666666666,0
enject,31,500,2,80,2026-02-22 13:29:40+00:00,2026-06-15 19:43:46+00:00,True,True,125,11,0.024691358024691357,1
go-project-blueprint,22,500,4,32,2019-09-08 11:14:26+00:00,2026-04-12 12:23:20+00:00,True,True,2484,76,0.12121212121212122,1
udemy-downloader,28,1997,23,555,2021-05-18 19:41:10+00:00,2026-06-27 14:13:45+00:00,True,False,1865,0,0.04136690647482014,1
MOM6-examples,18,100,64,77934,2014-09-26 18:34:19+00:00,2026-06-16 19:59:34+00:00,True,True,4291,10,0.0008211971514723808,0
Certify,3,1996,2,230,2021-06-09 22:03:30+00:00,2026-06-27 15:01:28+00:00,True,True,1843,0,0.008658008658008658,1
jquery.ui.combify,17,20,5,232,2013-02-08 22:49:08+00:00,2021-07-27 04:34:12+00:00,True,True,4886,1796,0.02145922746781116,0
dashblocks,41,100,29,13153,2018-09-22 17:21:15+00:00,2026-05-04 10:02:06+00:00,True,True,2835,54,0.00220465257716284,0
Infosys-SP-Coding-Questions,16,100,1,32,2024-02-19 15:30:34+00:00,2026-06-19 12:20:06+00:00,True,True,859,8,0.030303030303030304,0
kommon,19,20,0,277,2014-04-12 20:41:30+00:00,2020-02-29 21:35:14+00:00,True,True,4458,2309,0.0,0
eraserbenchmark,28,100,2,80,2019-11-07 22:47:10+00:00,2026-03-16 13:03:18+00:00,False,True,2423,103,0.024691358024691357,0
SimSearch,28,20,1,1153,2012-03-29 17:01:50+00:00,2025-02-06 16:02:01+00:00,True,True,5203,506,0.0008665511265164644,0
RootTools,16,20,0,2720,2012-03-12 00:14:34+00:00,2025-02-06 16:02:01+00:00,True,True,5220,506,0.0,0
uatraits,4,20,1,739,2011-12-19 14:56:16+00:00,2025-10-17 10:48:44+00:00,True,True,5304,253,0.0013513513513513514,0
angular-tutorial-cljs,17,20,0,546,2013-03-16 17:44:32+00:00,2018-07-22 23:38:45+00:00,True,True,4851,2896,0.0,0
genal-chat,37,1998,43,33417,2020-06-24 08:02:09+00:00,2026-06-26 06:34:42+00:00,True,True,2194,1,0.0012867317014782452,1
arbitrum-classic,11,2000,69,196180,2019-08-05 18:43:03+00:00,2026-06-16 16:00:53+00:00,True,True,2517,11,0.0003517160173513235,1
Calendar,19,1998,296,139215,2022-05-15 21:47:59+00:00,2026-06-27 08:11:02+00:00,True,True,1503,0,0.0021261923916791174,1
sunnypilot,28,1996,82,4131636,2021-07-23 21:28:21+00:00,2026-06-27 01:33:52+00:00,True,True,1799,0,1.9846854890688607e-05,1
markitdown,28,159929,821,4286,2024-11-13 19:56:40+00:00,2026-06-27 17:29:59+00:00,True,True,590,0,0.19150921390249592,1
Ceras,3,500,41,1210,2018-10-03 10:12:24+00:00,2026-03-10 22:03:35+00:00,True,True,2824,108,0.033856317093311314,1
expanding-collection-android,16,1997,0,9035,2016-10-06 13:30:26+00:00,2026-05-31 16:28:48+00:00,True,True,3551,27,0.0,1
electron,4,121796,893,208343,2013-04-12 01:47:36+00:00,2026-06-27 14:59:58+00:00,True,False,4824,0,0.0042861805475559655,1
sqlite-vss,4,1996,80,2695,2023-01-03 23:27:31+00:00,2026-06-27 12:03:06+00:00,True,True,1270,0,0.02967359050445104,1
gstack,37,117082,741,111499,2026-03-11 21:22:45+00:00,2026-06-27 17:32:03+00:00,True,True,107,0,0.006645739910313901,1
RefleXXion,4,500,0,221,2022-01-25 16:50:34+00:00,2026-04-24 01:05:16+00:00,True,True,1614,64,0.0,1
tauri,31,108402,1440,105217,2019-07-13 09:09:37+00:00,2026-06-27 17:26:37+00:00,True,False,2541,0,0.013685871238761428,1
ustreamer,2,2000,10,6037,2018-09-14 11:33:51+00:00,2026-06-27 14:09:21+00:00,True,False,2843,0,0.0016561775422325273,1
developer-roadmap,37,358458,19,361338,2017-03-15 13:45:52+00:00,2026-06-27 17:18:21+00:00,True,True,3391,0,5.258220120164167e-05,1
cesium-wind,17,100,1,520,2020-09-22 12:01:51+00:00,2026-06-08 19:52:34+00:00,True,True,2104,18,0.0019193857965451055,0
Mochi,4,100,0,166,2022-03-26 21:07:10+00:00,2026-05-06 09:30:30+00:00,True,True,1553,52,0.0,0
ion,37,1998,2,47140,2023-11-14 21:46:14+00:00,2026-06-19 23:12:38+00:00,False,True,955,7,4.242591374811735e-05,1
ngrok-c,2,500,2,19333,2015-03-04 05:51:22+00:00,2026-04-17 03:04:52+00:00,True,True,4133,71,0.00010344470880314473,1
xhs_ai_publisher,28,1998,7,131620,2024-11-10 08:48:20+00:00,2026-06-27 14:44:39+00:00,True,True,594,0,5.318300271233314e-05,1
planets-animated-website,14,100,0,8985,2020-10-17 09:44:34+00:00,2026-06-10 14:23:01+00:00,True,True,2079,17,0.0,0
charly-vm,4,100,51,5698,2017-05-24 17:19:36+00:00,2026-01-24 15:41:38+00:00,True,False,3321,154,0.008948938410247412,0
compare,17,20,1,4470,2012-02-10 02:39:17+00:00,2023-03-09 02:56:37+00:00,True,True,5251,1206,0.00022366360993066427,0
docker-qgis-desktop,33,100,13,97,2014-07-15 06:26:18+00:00,2026-06-10 10:08:31+00:00,True,True,4365,17,0.1326530612244898,0
WeChatAI,31,100,3,4191,2023-04-20 07:51:59+00:00,2026-03-06 11:37:53+00:00,True,True,1164,113,0.0007156488549618321,0
siam-mot,28,500,33,14841,2021-05-20 00:54:57+00:00,2026-06-21 04:09:29+00:00,True,True,1864,6,0.002223420024255491,1
vpnserver_ynh,33,20,19,124,2013-12-24 18:13:45+00:00,2026-04-22 00:05:03+00:00,True,False,4567,66,0.152,0
ipxe,2,1997,121,22668,2011-03-27 09:39:26+00:00,2026-06-27 09:48:08+00:00,True,False,5571,0,0.005337685826459041,1
nodeslide,17,20,1,3904,2011-11-12 14:44:19+00:00,2025-02-06 16:00:38+00:00,True,True,5341,506,0.00025608194622279127,0
symbolic-execution,15,20,0,475,2013-04-13 11:06:47+00:00,2025-02-06 16:02:01+00:00,True,True,4823,506,0.0,0
ADB-Toolkit,33,1998,24,1469,2019-03-15 15:56:34+00:00,2026-06-26 03:27:06+00:00,True,True,2661,1,0.0163265306122449,1
claude-code,28,134691,8998,28616,2025-02-22 17:41:21+00:00,2026-06-27 17:21:30+00:00,True,False,490,0,0.3144284865639305,1
vue-ref,17,100,4,19,2018-11-15 02:36:37+00:00,2026-01-23 09:11:54+00:00,True,True,2781,155,0.2,0
hyperdrive,17,2000,19,1103,2015-11-18 20:33:23+00:00,2026-06-26 01:48:12+00:00,True,False,3873,1,0.017210144927536232,1
couchie,17,20,2,82,2012-03-06 09:40:04+00:00,2022-12-30 03:01:38+00:00,True,True,5226,1275,0.024096385542168676,0
templates,37,2000,165,20152,2017-12-19 16:38:32+00:00,2026-06-27 08:39:28+00:00,True,False,3112,0,0.008187366645164491,1
truncate.js,17,100,14,169,2013-07-01 13:26:38+00:00,2026-05-13 15:06:07+00:00,True,True,4744,45,0.08235294117647059,0
variant-form,41,1996,21,1550,2021-09-23 08:54:29+00:00,2026-06-26 09:00:39+00:00,True,True,1738,1,0.013539651837524178,1
StatProofBookTools,36,100,0,137546,2020-02-06 11:23:36+00:00,2026-06-07 12:27:49+00:00,True,True,2333,20,0.0,0
FreeDomain,14,180995,36,972,2024-05-30 13:23:00+00:00,2026-06-27 17:28:13+00:00,False,True,758,0,0.03699897225077081,1
Python-100-Days,18,183753,702,401142,2018-03-01 16:05:52+00:00,2026-06-27 15:41:46+00:00,True,True,3040,0,0.0017499993767808486,1
easylogic.studio,17,500,30,183765,2019-05-03 09:33:55+00:00,2026-05-18 06:19:38+00:00,True,True,2612,40,0.00016325109106145858,1
react,17,246122,1269,1000080,2013-05-24 16:15:54+00:00,2026-06-27 17:03:50+00:00,True,False,4782,0,0.0012688972193252346,1
tinytooltip,17,20,1,130,2012-03-20 16:21:46+00:00,2026-04-23 09:03:46+00:00,True,True,5212,65,0.007633587786259542,0
ambari-rest-client,13,20,0,2487,2014-03-18 15:26:57+00:00,2026-03-20 18:26:18+00:00,True,True,4484,98,0.0,0
zzshare,28,100,3,189,2026-01-31 02:23:54+00:00,2026-06-25 06:29:09+00:00,True,True,147,2,0.015789473684210527,0
vim-which-key,39,1999,14,152,2018-09-04 12:58:02+00:00,2026-06-17 12:55:02+00:00,True,True,2853,10,0.0915032679738562,1
leetcode-python,28,500,4,1050,2014-03-26 22:50:53+00:00,2026-06-26 10:07:44+00:00,True,True,4475,1,0.003805899143672693,1
v2rayN,3,110043,11,48505,2019-07-30 03:47:24+00:00,2026-06-27 17:34:33+00:00,True,True,2524,0,0.00022677606893992496,1
AspNetCoreDemoApp,3,100,0,1142,2015-09-23 08:12:30+00:00,2026-02-16 08:56:13+00:00,True,True,3930,131,0.0,0
pyspark-data-sources,28,100,18,1631,2024-02-13 08:24:21+00:00,2026-06-05 05:31:01+00:00,True,True,865,22,0.011029411764705883,0
nannernest,28,100,5,16019,2020-05-22 14:35:37+00:00,2026-03-08 04:37:39+00:00,True,True,2227,111,0.00031210986267166043,0
JavaGuide,17,156648,58,183096,2018-05-07 13:27:00+00:00,2026-06-27 16:17:27+00:00,True,True,2973,0,0.0003167719842487862,1
mcpb,37,2000,90,2182,2025-06-26 00:15:05+00:00,2026-06-27 16:51:22+00:00,True,True,366,0,0.04122766834631241,1
hypercerts,34,100,0,32550,2022-12-02 21:36:04+00:00,2026-02-01 18:36:57+00:00,True,False,1302,145,0.0,0
LeeCo,16,500,6,10877,2016-01-08 15:50:59+00:00,2026-05-31 16:16:51+00:00,True,True,3823,27,0.0005515719801434088,1
gnome-shell-extensions,17,20,13,1017,2011-11-19 11:58:01+00:00,2025-07-13 15:50:14+00:00,True,True,5334,349,0.012770137524557957,0
wasm-pdf,31,500,9,627,2019-05-31 15:16:15+00:00,2026-05-14 13:20:52+00:00,True,False,2584,44,0.014331210191082803,1
ECC,17,222482,94,38324,2026-01-18 00:51:51+00:00,2026-06-27 17:34:10+00:00,True,True,160,0,0.002452707110241357,1
resume,5,500,1,25,2017-10-14 06:31:20+00:00,2026-05-01 15:31:06+00:00,True,True,3178,57,0.038461538461538464,1
tensorflow,4,195928,3243,1340208,2015-11-07 01:19:20+00:00,2026-06-27 17:29:11+00:00,True,False,3885,0,0.002419771841556056,1
ai4animationpy,28,2000,10,1028815,2026-02-03 18:18:34+00:00,2026-06-27 17:31:10+00:00,True,False,143,0,9.719911043374131e-06,1
gameplan,41,500,65,133282,2022-01-31 22:39:33+00:00,2026-06-27 11:53:37+00:00,True,True,1607,0,0.00048768410074803237,1
atom-launcher,17,20,14,453,2014-03-03 19:07:35+00:00,2024-12-20 14:48:14+00:00,True,False,4498,554,0.030837004405286344,0
mastering_active_record_sample_code,30,20,0,292,2013-01-11 17:40:17+00:00,2022-03-09 23:19:34+00:00,True,True,4915,1570,0.0,0
LazyBone,17,20,0,165,2012-04-09 10:03:20+00:00,2024-07-10 07:35:24+00:00,True,True,5192,717,0.0,0
radial.js,17,20,0,75,2014-05-19 21:07:23+00:00,2019-06-03 06:30:27+00:00,True,True,4421,2581,0.0,0
xing_api,30,20,4,129,2013-11-11 10:19:21+00:00,2025-02-06 16:02:01+00:00,True,True,4611,506,0.03076923076923077,0
futures-concurrency,31,500,35,668,2021-08-29 17:50:52+00:00,2026-06-26 16:27:57+00:00,True,True,1763,1,0.052316890881913304,1
public-apis,28,444535,1477,6709,2016-03-20 23:49:42+00:00,2026-06-27 17:25:08+00:00,True,False,3750,0,0.22011922503725784,1
pyYouku,28,20,0,515,2012-04-19 04:00:41+00:00,2023-03-28 22:49:49+00:00,True,True,5182,1186,0.0,0
Developer,24,500,14,2037,2023-09-14 05:07:00+00:00,2026-06-26 23:27:38+00:00,True,True,1017,0,0.0068694798822374874,1
react-trace,37,100,3,29037,2026-03-08 09:37:56+00:00,2026-06-24 20:33:44+00:00,True,True,111,2,0.00010331290033748881,0
hermes-agent,28,204230,24032,379528,2025-07-22 22:22:28+00:00,2026-06-27 17:34:14+00:00,True,True,339,0,0.06332058946747153,1
pypi-notifier,28,100,2,325,2013-07-13 16:01:46+00:00,2026-04-07 13:50:44+00:00,True,True,4732,81,0.006134969325153374,0
SpringCertification,16,20,0,22824,2012-03-24 14:56:24+00:00,2025-02-06 16:02:01+00:00,True,True,5208,506,0.0,0
VideoCrawlerEngine,28,500,25,6565,2020-06-09 17:27:09+00:00,2026-05-22 03:11:55+00:00,True,True,2209,36,0.0038074931465123365,1
auto-enum,28,500,2,329,2024-05-05 13:43:44+00:00,2026-05-24 12:28:50+00:00,True,True,783,34,0.006060606060606061,1
SimpleBackdoor,4,20,0,5,2014-06-06 22:23:55+00:00,2025-10-25 00:07:50+00:00,True,True,4403,245,0.0,0
